ticker,as_of_date,last_close,hv20,hv60,hv90,atr_pct,avg_daily_dollar_volume_20d,gap_freq_3pct,gap_freq_5pct,price_return_20d,price_return_60d,realized_move_mean_abs_20d,beta_spy_60d,beta_spy_120d,beta_qqq_60d,beta_qqq_120d,atm_front_month_iv,atm_30_45d_iv,avg_near_dated_liquid_iv,put_skew,call_skew,avg_option_spread_pct,total_option_volume,total_option_open_interest,liquid_expiration_count,liquid_contract_count,put_candidate_count,call_candidate_count,avg_put_premium_yield_annualized,avg_call_premium_yield_annualized,best_put_premium_yield_annualized,best_call_premium_yield_annualized,iv_rank_1y,iv_percentile_1y,iv_persistence_ratio_90d,sector,industry,theme_cluster,market_cap,shares_outstanding,is_etf,is_leveraged_etf,is_chinese_adr,next_earnings_date,earnings_within_7d,biotech_or_pharma,binary_event_risk,iv_to_hv20,iv_to_hv60,iv_minus_hv20,iv_minus_hv60,tradability_balance,eligible,exclusion_reasons
APP,2025-09-12,70.5112,0.5106313473535486,0.5408527237916705,0.5890477000336978,0.14374849061466224,499218397.939995,0.016666666666666666,0.0,-0.04914146392773,-0.1558112861476868,0.02453018268006411,1.0289110354738056,1.3150693602802919,0.7153222205529154,0.9404903653294305,0.8225,0.7784,0.7906642857142857,0.05545,0.08349999999999991,0.11866931369231803,237949,1291418,10,347,10,3,0.39070018335340595,0.3416673731186138,0.5713087094606975,0.357509051799514,,1.0,1.0,Communication Services,Advertising Agencies,Ad Tech,43000000000.0,365000000.0,False,False,False,2025-09-29,False,False,False,1.6107510912966359,1.5207467094439862,0.31186865264645136,0.2375472762083295,6.5,True,
BTDR,2025-09-12,23.0239,0.8829809729163973,0.8864829404455076,0.9416349207880835,0.21191798832641603,376010081.12097,0.058333333333333334,0.03333333333333333,0.012992441241431507,0.35879912418925564,0.04283783218906947,2.315593942019673,2.1026595315194183,1.5424469128828002,1.6858105243190034,1.0648499999999999,1.02075,1.0143,0.11375000000000002,0.123,0.14465703971119134,112264,615593,0,6,0,0,,,,,,1.0,1.0,Information Technology,Bitcoin Mining,BTC Miners,2600000000.0,192000000.0,False,False,True,2025-10-17,False,False,False,1.205971626413316,1.201207548861406,0.18186902708360253,0.13426705955449247,0.0,False,Chinese ADR excluded
CIFR,2025-09-12,9.56,1.117291861985301,0.9306689603491072,0.9274135457889864,0.2566549611476389,249102440.059395,0.125,0.06666666666666667,8.368901163269271e-05,0.283118138136526,0.0498591814750055,2.097239118250498,2.600347350980205,1.5785706629127996,2.113533024426215,1.1629,1.1237,1.1275666666666666,,0.13623333333333343,0.13681735636375472,32957,203861,1,28,0,0,,,,,,1.0,1.0,Information Technology,Bitcoin Mining,BTC Miners,1400000000.0,240000000.0,False,False,False,2025-09-30,False,False,False,1.0408202543726208,1.2495313044111622,0.045608138014699096,0.19303103965089274,0.0,True,
CLSK,2025-09-12,18.0826,0.9813158865757118,0.8482488217641785,0.8325898428575199,0.21348818358927532,609978652.9520751,0.09166666666666666,0.025,0.03592563948325744,0.060376473347798054,0.046399147699215826,2.9466018270386276,2.3032297583949184,1.8011190419612875,1.7365938444982747,1.03335,0.98925,1.0037625000000001,0.10485000000000011,0.11977499999999996,0.13012107149861057,171607,935387,10,162,5,0,0.6154099124816026,,0.7723316218665056,,,1.0,1.0,Information Technology,Bitcoin Mining,BTC Miners,3800000000.0,215000000.0,False,False,False,2025-09-28,False,False,False,1.0530248354644094,1.2182156620634617,0.05203411342428821,0.14100117823582148,2.5,True,
HIMS,2025-09-12,31.0369,0.4243232925691521,0.4493346404431614,0.4878852332668646,0.09310898593977769,341636088.47028,0.016666666666666666,0.0,0.15035414728524144,0.011995826404512577,0.018169311382605673,1.0981514355160529,1.0772439208204605,0.5944258437726062,0.7596426672254771,0.6421,0.5931,0.607336,0.042300000000000115,0.06164999999999998,0.1324945388255391,198623,1128018,10,208,4,1,0.28640915588737703,0.3059314553105422,0.3911085779424337,0.3059314553105422,,1.0,1.0,Healthcare,Health Information Services,Consumer Health,8100000000.0,225000000.0,False,False,False,2025-10-01,False,False,False,1.5132329788267675,1.4290017777545965,0.21777670743084793,0.14376535955683856,2.5,True,
IREN,2025-09-12,44.7438,1.0918515657396806,1.1692244374521281,1.171477256631894,0.39022629152770083,2138730406.111475,0.11666666666666667,0.058333333333333334,-0.16611439327580735,0.25181993677083625,0.05388549935501954,3.067374415771652,2.6608148656988444,2.1264106278370227,2.114603949363229,1.20905,1.1649500000000002,1.170375,0.1449499999999997,0.16252500000000003,0.12514298053315487,107543,640638,10,126,0,0,,,,,,1.0,1.0,Information Technology,Bitcoin Mining,BTC Miners,2000000000.0,185000000.0,False,False,False,2025-10-04,False,False,False,1.107339163983268,1.0340615208442412,0.1171984342603194,-0.004274437452127966,0.0,True,
MARA,2025-09-12,32.7235,1.0165724059920687,0.9555745265858936,0.9441447126076773,0.26608160583591084,2094177272.3717601,0.075,0.025,-0.16472035674265562,-0.1235872301676576,0.05332784024349062,2.113220622976529,1.8786095836646122,1.0137567113811299,1.4114599534245664,1.0968,1.0478,1.0636833333333333,0.12197499999999994,0.13172499999999987,0.10300471956198275,288457,1709696,10,433,13,3,0.6175083399843585,0.4927907332217354,0.8484293464221132,0.5545134807849841,,1.0,1.0,Information Technology,Bitcoin Mining,BTC Miners,6200000000.0,255000000.0,False,False,False,2025-09-27,False,False,False,1.0789197046221588,1.1477911659268285,0.08022759400793134,0.09222547341410647,8.0,True,
NVDA,2025-09-12,525.4583,0.3083900084878905,0.43071343796892303,0.4153106919094995,0.08057116181110034,30388185172.68573,0.016666666666666666,0.016666666666666666,0.16715781514706807,0.10541464753828511,0.017104754523905898,1.3038901590061098,1.525919594366122,1.0431154553921487,1.1767404830073978,0.5824,0.5431999999999999,0.5486625,0.02870000000000006,0.03490000000000015,0.0752192574460771,379133,2164985,10,580,10,15,0.21781588698659457,0.17087968602575707,0.3332154514028459,0.2778002180173588,,1.0,1.0,Technology,Semiconductors,AI Infra,1980000000000.0,2450000000.0,False,False,False,2025-10-03,False,False,False,1.8885177339423078,1.3521751323719358,0.27400999151210953,0.11248656203107688,12.5,True,
OKLO,2025-09-12,34.0092,0.7221688980173411,0.8656305889757954,0.8226983176685605,0.1990906662230892,383890275.04007494,0.09166666666666666,0.025,0.3214538276824084,1.3382859500154698,0.0367696564339776,1.219196575488779,1.67791754911587,0.6959294523182828,1.2228528580647338,1.0122,0.9632000000000001,0.9638,0.10087499999999983,0.11747499999999977,0.1344524225370335,127203,762206,0,17,0,0,,,,,,1.0,1.0,Utilities,Utilities - Regulated Electric,Nuclear,3700000000.0,142000000.0,False,False,False,2025-09-20,False,False,False,1.4016111781868714,1.1693209700429186,0.2900311019826589,0.09756941102420469,0.0,True,
PLTR,2025-09-12,19.3512,0.43133910843644785,0.5184146941221308,0.49885945338018417,0.1207968645724444,1453668324.2957401,0.016666666666666666,0.008333333333333333,0.3194959633427885,0.11390481453339785,0.024202730178430353,1.69831271277659,1.6467194411706312,1.3078584536661082,1.3282552943182846,0.69385,0.64485,0.6598375,0.05884999999999996,0.07157499999999994,0.09997227061003547,189164,1045483,10,285,6,9,0.2757182991569154,0.23112650686690137,0.3768669950738916,0.3673494007048504,,1.0,1.0,Technology,Software - Infrastructure,AI Infra,65000000000.0,2320000000.0,False,False,False,2025-10-02,False,False,False,1.6085951550164843,1.3384072787036765,0.2625108915635521,0.12643530587786922,7.5,True,
RIOT,2025-09-12,29.0839,0.8860924324970539,0.8366255059328425,0.8316203232887496,0.19014742078705302,1083362201.2575898,0.025,0.008333333333333333,0.17056197954608576,0.19470506079526784,0.04552719125232804,2.8565184685364597,2.3593795091121703,1.8564098189374654,1.9888203934365298,1.05625,1.01215,1.028925,0.12524999999999964,0.13909999999999978,0.11723102042165276,147767,837384,10,197,5,0,0.5909191913329834,,0.7318921343834114,,,1.0,1.0,Information Technology,Bitcoin Mining,BTC Miners,4300000000.0,307000000.0,False,False,False,2025-09-22,False,False,False,1.1920313967961933,1.262512309880243,0.17015756750294597,0.17552449406715764,2.5,True,
RKLB,2025-09-12,8.3938,0.3908784575765792,0.474318909716189,0.44329516076035663,0.10915284410602381,77658208.10515001,0.025,0.0,0.0762385885731871,0.10478171025441929,0.021092007651930544,0.9963510669765181,1.5454090221144583,0.5219127530942983,1.114906529683623,0.78095,0.73195,0.7479999999999999,0.07418333333333338,0.08910000000000007,0.1315842667372348,98167,597372,10,84,1,0,0.5055418096442117,,0.5055418096442117,,,1.0,1.0,Industrials,Aerospace & Defense,Space,9500000000.0,505000000.0,False,False,False,2025-10-09,False,False,False,1.9979356366729413,1.6464660885379527,0.39007154242342085,0.257631090283811,0.5,True,
SMR,2025-09-12,20.3629,0.553310114638216,0.6022659813499726,0.6298711284378964,0.13031998669849856,147597325.16423,0.03333333333333333,0.0,0.39571338487689856,0.4890058864392528,0.030067131837583732,1.259843027592138,0.9279030802803859,0.7587110084591719,0.5325739339536553,0.94485,0.9007499999999999,0.905157142857143,0.09165000000000001,0.09929999999999994,0.1402140353302018,108381,616996,4,31,0,0,,,,,,1.0,1.0,Industrials,Specialty Industrial Machinery,Nuclear,5100000000.0,230000000.0,False,False,False,2025-09-24,False,False,False,1.7076318957548677,1.5688251192307576,0.39153988536178397,0.2984840186500274,0.0,True,
SOUN,2025-09-12,11.2317,0.4553796330205299,0.6718780979894329,0.6547128079499781,0.11777634475890306,319453297.268235,0.041666666666666664,0.025,0.11728192425915429,-0.09491115677505135,0.02356330203552901,1.0881968635240717,1.5104554922598281,0.8159601471909739,1.1642632405759015,1.0887,1.0495,,0.07390000000000008,0.12359999999999971,,36196,220159,0,5,0,0,,,,,,1.0,1.0,Technology,Software - Application,AI Infra,3200000000.0,355000000.0,False,False,False,2025-09-26,False,False,False,2.3907525085798427,1.6203832261505313,0.63332036697947,0.3776219020105672,0.0,True,
TSLA,2025-09-12,256.4995,0.5858792466823081,0.527049631477785,0.5406585939658166,0.14508474396914722,29508576108.664074,0.05,0.008333333333333333,0.18372401686106232,0.15772381575680994,0.030919565727489967,1.895053653674888,1.6920818163525182,1.253542730725592,1.229378785617697,0.73025,0.68125,0.7014125,0.061675000000000035,0.07140000000000002,0.08538962766072043,373581,2211747,10,599,14,17,0.3202423329217501,0.2352670798454683,0.49682400026461154,0.3653190928975135,,1.0,1.0,Consumer Discretionary,Auto Manufacturers,EV,705000000000.0,3200000000.0,False,False,False,2025-10-10,False,False,False,1.2464172508844245,1.385543137469739,0.1443707533176919,0.15420036852221497,15.5,True,
WULF,2025-09-12,63.0049,1.0192199600443106,0.8400813713662357,0.8877525306490786,0.21798803403726197,1367218405.73636,0.09166666666666666,0.008333333333333333,-0.06320356490230572,0.5151819038824117,0.049689702844385966,2.5909901694938826,2.167994092606435,1.6481714530978913,1.6630756456256794,1.1112,1.0622,1.0622,0.1398999999999999,0.17342499999999994,0.13018583578391463,64136,379628,0,20,0,0,,,,,,1.0,1.0,Information Technology,Bitcoin Mining,BTC Miners,1600000000.0,222000000.0,False,False,False,2025-10-06,False,False,False,1.0902455245791012,1.3227290092063824,0.09198003995568937,0.2221186286337643,0.0,True,
